admin,ec163ec8bb08b204b1aed2a9da35adb41b8dd0e90a7453bf9412736a
vlad,acc7c384c047332a200374463353eda97afb1b45091ececacf345a65
student,0bd776111e8cb0e0a2eab08f71aec8eaa60b2e05762ee5b0ec6d5134
guest,7bdf5f28d3949438c5b9d8c21c845b9a7a5c339906f3253e8ea62a11
moderator,dfe38360e57693f459def2539fcd528ce4c8032d09395ae31b070929
tester,b4ed0cc2300bf8ffca6d4d4b2d44f768ccee77d9240e2bee82637ffe
analyst,ec8019bade3e1ba50c24a68404ff929b40c97d81cd8d0a50e648933e
security,bc7949315bc90619a140a7c226f885752e500924180f1dd6e6bc6f18
operator,f664911be259c596547f3c9d8ce3e3474bf2c80458f4b425821e1add
backup,9a06c2fd356110e979eede6945751a5ab3bddd3f52dbdebd2281336c
,9a06c2fd356110e979eede6945751a5ab3bddd3f52dbdebd2281336c
